-- MySQL dump 10.13  Distrib 8.0.11, for Win64 (x86_64)
--
-- Host: 217.182.78.23    Database: mechanic-sql-tut
-- ------------------------------------------------------
-- Server version	8.0.12

/*!40101 SET @OLD_CHARACTER_SET_CLIENT=@@CHARACTER_SET_CLIENT */;
/*!40101 SET @OLD_CHARACTER_SET_RESULTS=@@CHARACTER_SET_RESULTS */;
/*!40101 SET @OLD_COLLATION_CONNECTION=@@COLLATION_CONNECTION */;
 SET NAMES utf8 ;
/*!40103 SET @OLD_TIME_ZONE=@@TIME_ZONE */;
/*!40103 SET TIME_ZONE='+00:00' */;
/*!40014 SET @OLD_UNIQUE_CHECKS=@@UNIQUE_CHECKS, UNIQUE_CHECKS=0 */;
/*!40014 SET @OLD_FOREIGN_KEY_CHECKS=@@FOREIGN_KEY_CHECKS, FOREIGN_KEY_CHECKS=0 */;
/*!40101 SET @OLD_SQL_MODE=@@SQL_MODE, SQL_MODE='NO_AUTO_VALUE_ON_ZERO' */;
/*!40111 SET @OLD_SQL_NOTES=@@SQL_NOTES, SQL_NOTES=0 */;

--
-- Dumping data for table `CARS`
--

LOCK TABLES `CARS` WRITE;
/*!40000 ALTER TABLE `CARS` DISABLE KEYS */;
INSERT INTO `CARS` VALUES ('ABC 12345','BMW','535i',4,208,2018),('ABC 12374','Chrylser','Concorde',3,153,2014),('ABC 14569','Ford','Festiva',1,63,2007),('ABC 18712','Ford','Festiva',1,63,2004),('ABC 26795','Lexus','ES300',3,185,2013),('ABC 33511','Mazda','626',3,164,2017),('ABC 35689','Ford','Mustang',2,105,2011),('ABC 41234','Ford','Festiva',1,63,2016),('ABC 49254','Honda','Civic',2,102,2005),('ABC 52674','Mazda','626',3,164,2013),('ABC 56432','Chevrolet','Corvette',6,300,2000),('ABC 65243','Mazda','626',3,164,2011),('ABC 74638','Mazda','RX-7',1,255,2001),('ABC 79841','Chrysler','Imperial',3,147,2012),('ABC 84168','Lexus','SC300',3,225,2005),('ABC 93135','Ford','Escort',2,127,2017),('ABC 97438','Honda','Accord',2,140,2009),('ABC 97442','Mazda','RX-7',1,255,2018);
/*!40000 ALTER TABLE `CARS` ENABLE KEYS */;
UNLOCK TABLES;

--
-- Dumping data for table `CUSTOMERS_COMPANY`
--

LOCK TABLES `CUSTOMERS_COMPANY` WRITE;
/*!40000 ALTER TABLE `CUSTOMERS_COMPANY` DISABLE KEYS */;
INSERT INTO `CUSTOMERS_COMPANY` VALUES (1,'Scooby Company','Scooby address',123456789,147258369,'If you have any problem with monsters, ghosts or other creatures just call to them'),(2,'Looney Tunes','Looney Tunes address',456789123,258369147,'If you are sad just call to them'),(3,'Jetsons&Family','Jetsons address',789123456,369147258,'Sorry but I don\'t remember anything about this tale');
/*!40000 ALTER TABLE `CUSTOMERS_COMPANY` ENABLE KEYS */;
UNLOCK TABLES;

--
-- Dumping data for table `CUSTOMERS_EMPLOYEE`
--

LOCK TABLES `CUSTOMERS_EMPLOYEE` WRITE;
/*!40000 ALTER TABLE `CUSTOMERS_EMPLOYEE` DISABLE KEYS */;
INSERT INTO `CUSTOMERS_EMPLOYEE` VALUES (1,'Scooby','Doo',111111111,'Dog',1),(2,'Shaggy','Roges',222222222,'guy who is afraid of everything',1),(3,'Fred','Jones',333333333,'Brave man',1),(4,'Daphne','Blake',444444444,'The preety girl in pack of frends',1),(5,'Velma','Dinkley',555555555,'The smartest lady in team',1),(6,'George','Jetson',666666666,'The Father',3),(7,'Jane','Jetson',777777777,'The Mother',3),(8,'Judy','Jetson',888888888,'The Daughter',3),(9,'Elroy','Jetson',999999999,'The Son',3),(10,'Daffy','Duck',10101010,'Funny duck',2),(11,'Porky','Pig',11111111,'Pig whose is afraid of everything',2),(12,'Bugs','Bunny',12121212,'The main character?',2),(13,'Lola','Bunny',13131313,'My first love, did you see Space Jam?! :)',2),(14,'Sylvester','Cat',14141414,'He want to catch Tweety, but he is too smart',2),(15,'TWEETY','',15151515,'Smart bird',2);
/*!40000 ALTER TABLE `CUSTOMERS_EMPLOYEE` ENABLE KEYS */;
UNLOCK TABLES;

--
-- Dumping data for table `FAILURES`
--

LOCK TABLES `FAILURES` WRITE;
/*!40000 ALTER TABLE `FAILURES` DISABLE KEYS */;
INSERT INTO `FAILURES` VALUES (1,'WAITING_FOR_DIAGNOSE','2016-09-19',NULL,NULL,NULL,'ABC 74638'),(2,'WAITING_FOR_DIAGNOSE','2017-01-05',NULL,NULL,NULL,'ABC 74638'),(3,'IN_PROGRESS','2017-01-12',NULL,NULL,20000,'ABC 12345'),(4,'DONE','2017-03-24','2017-04-24',1985,1000,'ABC 56432'),(5,'DONE','2017-07-31','2017-09-22',2311,2000,'ABC 12374'),(6,'DONE','2017-09-01','2017-09-22',2845,1500,'ABC 79841'),(7,'DONE','2017-09-05','2017-09-19',1740,1365,'ABC 41234'),(8,'DONE','2017-09-26','2017-10-01',3833,1985,'ABC 93135'),(9,'DONE','2017-10-04','2017-10-09',1512,1020,'ABC 35689'),(10,'DONE','2017-10-17','2017-10-17',1338,720,'ABC 49254'),(11,'DONE','2017-11-08','2017-11-18',621,340,'ABC 97438'),(12,'DONE','2017-12-12','2017-12-23',1243,660,'ABC 26795'),(13,'DONE','2018-03-02','2018-03-09',17157,9500,'ABC 84168'),(14,'DONE','2018-04-10','2018-04-10',2198,1100,'ABC 33511'),(15,'DONE','2018-05-07','2018-05-08',5283,4200,'ABC 97442'),(16,'DONE','2018-05-22','2018-05-23',2045,1950,'ABC 65243'),(17,'DONE','2018-06-22','2018-06-26',3879,3200,'ABC 74638'),(18,'DONE','2018-07-13','2018-07-19',700,100,'ABC 52674'),(19,'WAITING_FOR_PARTS','2018-12-10',NULL,NULL,NULL,'ABC 18712'),(20,'WAITING_FOR_PARTS','2018-12-17',NULL,NULL,NULL,'ABC 14569');
/*!40000 ALTER TABLE `FAILURES` ENABLE KEYS */;
UNLOCK TABLES;

--
-- Dumping data for table `R_CUSTOMERS_EMPLOYEE_CARS`
--

LOCK TABLES `R_CUSTOMERS_EMPLOYEE_CARS` WRITE;
/*!40000 ALTER TABLE `R_CUSTOMERS_EMPLOYEE_CARS` DISABLE KEYS */;
INSERT INTO `R_CUSTOMERS_EMPLOYEE_CARS` VALUES (1,'ABC 12345'),(1,'ABC 56432'),(2,'ABC 12345'),(2,'ABC 56432'),(3,'ABC 56432'),(4,'ABC 56432'),(5,'ABC 56432'),(6,'ABC 14569'),(7,'ABC 14569'),(8,'ABC 14569'),(9,'ABC 18712'),(9,'ABC 26795'),(9,'ABC 33511'),(9,'ABC 52674'),(9,'ABC 65243'),(9,'ABC 74638'),(9,'ABC 84168'),(9,'ABC 97438'),(9,'ABC 97442'),(10,'ABC 12374'),(11,'ABC 79841'),(12,'ABC 41234'),(13,'ABC 93135'),(14,'ABC 35689'),(15,'ABC 49254');
/*!40000 ALTER TABLE `R_CUSTOMERS_EMPLOYEE_CARS` ENABLE KEYS */;
UNLOCK TABLES;
/*!40103 SET TIME_ZONE=@OLD_TIME_ZONE */;

/*!40101 SET SQL_MODE=@OLD_SQL_MODE */;
/*!40014 SET FOREIGN_KEY_CHECKS=@OLD_FOREIGN_KEY_CHECKS */;
/*!40014 SET UNIQUE_CHECKS=@OLD_UNIQUE_CHECKS */;
/*!40101 SET CHARACTER_SET_CLIENT=@OLD_CHARACTER_SET_CLIENT */;
/*!40101 SET CHARACTER_SET_RESULTS=@OLD_CHARACTER_SET_RESULTS */;
/*!40101 SET COLLATION_CONNECTION=@OLD_COLLATION_CONNECTION */;
/*!40111 SET SQL_NOTES=@OLD_SQL_NOTES */;

-- Dump completed on 2018-09-15 14:16:37
